{
  "train_years": [
    2000,
    2001,
    2002,
    2003,
    2004,
    2005,
    2006,
    2007,
    2008,
    2009,
    2010,
    2011,
    2012,
    2013
  ],
  "stats": {
    "dayl": {
      "mean": 43200.13436846107,
      "std": 7914.21507990356
    },
    "srad": {
      "mean": 303.53889494560747,
      "std": 126.4552148315932
    },
    "tmax": {
      "mean": 14.280717199047942,
      "std": 11.472280063830569
    },
    "tmin": {
      "mean": 3.109581184310697,
      "std": 9.847865399350551
    },
    "vp": {
      "mean": 916.0861052354962,
      "std": 578.2776300214454
    }
  }
}