{
    "4096405_watershed": {
        "min": 2.525728702545166,
        "max": 7.048386573791504
    },
    "4096515_watershed": {
        "min": 0.5128236413002014,
        "max": 6.56807804107666
    },
    "4097500_watershed": {
        "min": 5.308267593383789,
        "max": 9.162304878234863
    },
    "4097540_watershed": {
        "min": 1.1786550283432007,
        "max": 6.6883544921875
    },
    "4099000_watershed": {
        "min": 5.720311641693115,
        "max": 9.287393569946289
    },
    "4101500_watershed": {
        "min": 6.673297882080078,
        "max": 10.11863899230957
    },
    "4101800_watershed": {
        "min": 4.562262535095215,
        "max": 7.692113399505615
    },
    "4102500_watershed": {
        "min": 5.1179938316345215,
        "max": 8.328692436218262
    },
    "4102700_watershed": {
        "min": 2.867898941040039,
        "max": 7.635787010192871
    },
    "4104945_watershed": {
        "min": 1.974081039428711,
        "max": 6.694561958312988
    },
    "4105000_watershed": {
        "min": 3.6054978370666504,
        "max": 8.077446937561035
    },
    "4105500_watershed": {
        "min": 5.2522735595703125,
        "max": 8.717845916748047
    },
    "4105700_watershed": {
        "min": 2.7013611793518066,
        "max": 5.690359592437744
    },
    "4106000_watershed": {
        "min": 5.501258373260498,
        "max": 8.808518409729004
    },
    "4108600_watershed": {
        "min": 2.3340837955474854,
        "max": 7.4030609130859375
    },
    "4108800_watershed": {
        "min": 0.3435896635055542,
        "max": 8.227108001708984
    },
    "4109000_watershed": {
        "min": 3.2657594680786133,
        "max": 6.459904670715332
    },
    "4112000_watershed": {
        "min": 0.029558802023530006,
        "max": 5.814130783081055
    },
    "4112500_watershed": {
        "min": 2.740839958190918,
        "max": 8.387311935424805
    },
    "4113000_watershed": {
        "min": 4.624972820281982,
        "max": 9.150696754455566
    },
    "4114000_watershed": {
        "min": 4.9904327392578125,
        "max": 9.314790725708008
    },
    "4115000_watershed": {
        "min": 1.4516137838363647,
        "max": 9.060795783996582
    },
    "4115265_watershed": {
        "min": 2.144761085510254,
        "max": 5.87211799621582
    },
    "4116000_watershed": {
        "min": 5.525453090667725,
        "max": 10.114599227905273
    },
    "4117500_watershed": {
        "min": 4.043051242828369,
        "max": 8.599878311157227
    },
    "4118500_watershed": {
        "min": 4.216562271118164,
        "max": 7.719130039215088
    },
    "4121300_watershed": {
        "min": 3.835141897201538,
        "max": 7.0130157470703125
    },
    "4121500_watershed": {
        "min": 5.63478946685791,
        "max": 9.24965763092041
    },
    "4121944_watershed": {
        "min": 4.795790672302246,
        "max": 8.019941329956055
    },
    "4121970_watershed": {
        "min": 6.618739128112793,
        "max": 9.635673522949219
    },
    "4122100_watershed": {
        "min": 0.7747271656990051,
        "max": 5.8051347732543945
    },
    "4122200_watershed": {
        "min": 5.09375,
        "max": 8.149312973022461
    },
    "4122500_watershed": {
        "min": 5.817111015319824,
        "max": 8.446985244750977
    },
    "4124200_watershed": {
        "min": 6.475432872772217,
        "max": 8.279190063476562
    },
    "4124500_watershed": {
        "min": 1.8562979698181152,
        "max": 6.647688388824463
    },
    "4125550_watershed": {
        "min": 6.928537845611572,
        "max": 8.707979202270508
    },
    "4126740_watershed": {
        "min": 4.477336883544922,
        "max": 6.169610977172852
    },
    "4126970_watershed": {
        "min": 4.232656002044678,
        "max": 6.411818504333496
    },
    "4127800_watershed": {
        "min": 4.912654876708984,
        "max": 6.976347923278809
    },
    "4142000_watershed": {
        "min": 4.753590106964111,
        "max": 8.856660842895508
    },
    "4144500_watershed": {
        "min": 3.3357696533203125,
        "max": 8.343077659606934
    },
    "4146000_watershed": {
        "min": 0.5988364815711975,
        "max": 6.26530122756958
    },
    "4146063_watershed": {
        "min": 2.94968843460083,
        "max": 7.754052639007568
    },
    "4147500_watershed": {
        "min": 3.4965076446533203,
        "max": 8.446985244750977
    },
    "4148140_watershed": {
        "min": 0.6729444861412048,
        "max": 7.065613269805908
    },
    "4148500_watershed": {
        "min": 4.417634963989258,
        "max": 9.127067565917969
    },
    "4151500_watershed": {
        "min": 2.995732307434082,
        "max": 9.401042938232422
    },
    "4152238_watershed": {
        "min": 3.514526128768921,
        "max": 8.023224830627441
    },
    "4154000_watershed": {
        "min": 4.469350337982178,
        "max": 8.431853294372559
    },
    "4157005_watershed": {
        "min": 0.0,
        "max": 10.799595832824707
    },
    "4159492_watershed": {
        "min": 2.1126344203948975,
        "max": 9.206432342529297
    },
    "4159900_watershed": {
        "min": 1.3190855979919434,
        "max": 8.131824493408203
    },
    "4160600_watershed": {
        "min": 2.079441547393799,
        "max": 8.080547332763672
    },
    "4163400_watershed": {
        "min": 0.3852624297142029,
        "max": 5.888877868652344
    },
    "4164100_watershed": {
        "min": 0.9042181968688965,
        "max": 5.590987205505371
    },
    "4164300_watershed": {
        "min": 0.019802626222372055,
        "max": 6.186208724975586
    },
    "4166500_watershed": {
        "min": 2.862200975418091,
        "max": 8.535229682922363
    },
    "4167000_watershed": {
        "min": 2.7472710609436035,
        "max": 7.859799385070801
    },
    "4175600_watershed": {
        "min": 1.9782390594482422,
        "max": 6.261491775512695
    },
    "4176000_watershed": {
        "min": 3.613616943359375,
        "max": 8.537192344665527
    },
    "4176500_watershed": {
        "min": 3.9376907348632812,
        "max": 9.45727825164795
    }
}