{
    "GLOBAL": {
        "dayl": {
            "min": 0.0,
            "max": 55619.44921875
        },
        "prcp": {
            "min": -2.000000238418579,
            "max": 2.2995073795318604
        },
        "srad": {
            "min": 0.0,
            "max": 719.6699829101562
        },
        "swe": {
            "min": 0.0,
            "max": 311.8299865722656
        },
        "tmax": {
            "min": -21.770000457763672,
            "max": 39.709999084472656
        },
        "tmin": {
            "min": -35.5099983215332,
            "max": 26.0
        },
        "vp": {
            "min": 0.0,
            "max": 3361.080078125
        }
    }
}