{
    "GLOBAL": {
        "min": -2.000000238418579,
        "max": 4.6901960372924805
    }
}