{
    "GLOBAL": {
        "DEM": {
            "min": 0.0,
            "max": 520.0
        },
        "awc": {
            "min": -3.4028234663852886e+38,
            "max": 530.0
        },
        "fc": {
            "min": -3.4028234663852886e+38,
            "max": 554.0
        },
        "soil": {
            "clay": {
                "min": 0.0,
                "max": 0.6282299757003784
            },
            "sand": {
                "min": 0.0,
                "max": 0.9639999866485596
            },
            "silt": {
                "min": 0.0,
                "max": 0.7009999752044678
            }
        }
    }
}